0,RT @CESOL_UCI: Ya comenzamos el VIII Taller Internacional de Tecnolog√≠as de software Libre y C√≥digo Abierto @universidad_uci @yoandypv @Inf‚Ä¶
1,RT @CESOL_UCI: Ya comenzamos el VIII Taller Internacional de Tecnolog√≠as de software Libre y C√≥digo Abierto @universidad_uci @yoandypv @Inf‚Ä¶
2,RT @Leojcaballero41: #Informatica2018|@universidad_uci propone dos talleres a los asistentes: VIII Taller Internacional de Calidad en las T‚Ä¶
3,Ya comenzamos el VIII Taller Internacional de Tecnolog√≠as de software Libre y C√≥digo Abierto @universidad_uci @yoandypv @InformaticaHab https://t.co/F5bIg7Zv92
4,RT @ComputerworldES: Los #SUSEExpertDays (el 22 marzo en Madrid) re√∫nen a especialistas en programas de c√≥digo abierto para profundizar en‚Ä¶
5,RT @ComputerworldES: Los #SUSEExpertDays (el 22 marzo en Madrid) re√∫nen a especialistas en programas de c√≥digo abierto para profundizar en‚Ä¶
6,RT @ComputerworldES: Los #SUSEExpertDays (el 22 marzo en Madrid) re√∫nen a especialistas en programas de c√≥digo abierto para profundizar en‚Ä¶
7,RT @ComputerworldES: Los #SUSEExpertDays (el 22 marzo en Madrid) re√∫nen a especialistas en programas de c√≥digo abierto para profundizar en‚Ä¶
8,RT @ComputerworldES: Los #SUSEExpertDays (el 22 marzo en Madrid) re√∫nen a especialistas en programas de c√≥digo abierto para profundizar en‚Ä¶
9,"Los #SUSEExpertDays (el 22 marzo en Madrid) re√∫nen a especialistas en programas de c√≥digo abierto para profundizar en distintos aspectos del sector. El ecosistema de software libre, a examen. #opensource #transformandolasTI @Fujitsu_ES https://t.co/tze69bxYCh https://t.co/CkewnVFWp0"
10,RT @Leojcaballero41: #Informatica2018|@universidad_uci propone dos talleres a los asistentes: VIII Taller Internacional de Calidad en las T‚Ä¶
11,"RT @zaragoza_es: El Grupo Residente #SoftwareCivico de @ZGZActiva busca #Colaboradores! 
C√≥digo abierto, licencias libres y herramientas di‚Ä¶"
12,"RT @ZGZActiva: #softwarecivico  ¬°Se buscan #Colaboradores! üîç

C√≥digo abierto, licencias libres y herramientas digitales. TODO al servicio d‚Ä¶"
13,"RT @zaragoza_es: El Grupo Residente #SoftwareCivico de @ZGZActiva busca #Colaboradores! 
C√≥digo abierto, licencias libres y herramientas di‚Ä¶"
14,"RT @zaragoza_es: El Grupo Residente #SoftwareCivico de @ZGZActiva busca #Colaboradores! 
C√≥digo abierto, licencias libres y herramientas di‚Ä¶"
15,"RT @zaragoza_es: El Grupo Residente #SoftwareCivico de @ZGZActiva busca #Colaboradores! 
C√≥digo abierto, licencias libres y herramientas di‚Ä¶"
16,RT @Leojcaballero41: #Informatica2018|@universidad_uci propone dos talleres a los asistentes: VIII Taller Internacional de Calidad en las T‚Ä¶
17,RT @Leojcaballero41: #Informatica2018|@universidad_uci propone dos talleres a los asistentes: VIII Taller Internacional de Calidad en las T‚Ä¶
18,"RT @zaragoza_es: El Grupo Residente #SoftwareCivico de @ZGZActiva busca #Colaboradores! 
C√≥digo abierto, licencias libres y herramientas di‚Ä¶"
19,"RT @zaragoza_es: El Grupo Residente #SoftwareCivico de @ZGZActiva busca #Colaboradores! 
C√≥digo abierto, licencias libres y herramientas di‚Ä¶"
20,"RT @zaragoza_es: El Grupo Residente #SoftwareCivico de @ZGZActiva busca #Colaboradores! 
C√≥digo abierto, licencias libres y herramientas di‚Ä¶"
21,RT @Osluz_unizar: La Uni√≥n Europea est√° valorando una reforma de la legislaci√≥n de los derechos de autor. Ma√±ana 20 de marzo se hablar√° de‚Ä¶
22,RT @Leojcaballero41: #Informatica2018|@universidad_uci propone dos talleres a los asistentes: VIII Taller Internacional de Calidad en las T‚Ä¶
23,"""Esta idea pretende que el uso de las TIC ayude a equilibrar el acceso al conocimiento y la educaci√≥n en todo el mundo y deriva, a su vez, de tres movimientos de largo alcance:"" @educaINTEF 1) El desarrollo de software de c√≥digo abierto;"
24,"RT @zaragoza_es: El Grupo Residente #SoftwareCivico de @ZGZActiva busca #Colaboradores! 
C√≥digo abierto, licencias libres y herramientas di‚Ä¶"
25,RT @Leojcaballero41: #Informatica2018|@universidad_uci propone dos talleres a los asistentes: VIII Taller Internacional de Calidad en las T‚Ä¶
26,"RT @zaragoza_es: El Grupo Residente #SoftwareCivico de @ZGZActiva busca #Colaboradores! 
C√≥digo abierto, licencias libres y herramientas di‚Ä¶"
27,RT @Leojcaballero41: #Informatica2018|@universidad_uci propone dos talleres a los asistentes: VIII Taller Internacional de Calidad en las T‚Ä¶
28,"El Grupo Residente #SoftwareCivico de @ZGZActiva busca #Colaboradores! 
C√≥digo abierto, licencias libres y herramientas digitales. TODO al servicio del bien p√∫blico y el fortalecimiento comunitario.  
Hasta el 23MAR
M√°s info. &gt; https://t.co/evIK5toDAA
#ThinkZAC https://t.co/NOHWTBZJXU"
29,RT @Leojcaballero41: #Informatica2018|@universidad_uci propone dos talleres a los asistentes: VIII Taller Internacional de Calidad en las T‚Ä¶
30,"#Informatica2018|@universidad_uci propone dos talleres a los asistentes: VIII Taller Internacional de Calidad en las Tic Calidad 2018 y VIII Taller Internacional de Tecnolog√≠as de Software Libre y C√≥digo Abierto, y tambi√©n el lanzamiento oficial de Nova 6.0 el jueves 22 de marzo https://t.co/FH51D9fds4"
31,"C√≥mo elegir la plataforma de comercio electr√≥nico: diferencias entre enlatados, c√≥digo abierto y software de servicios https://t.co/vRgnSJlTe9 #Ecommerce #SaaS #opensource"
32,RT @CESOL_UCI: Ya se encuentran disponibles los foros tem√°ticos del VIII Taller Internacional de Tecnolog√≠as de Software Libre y C√≥digo Abi‚Ä¶
33,RT @Osluz_unizar: La Uni√≥n Europea est√° valorando una reforma de la legislaci√≥n de los derechos de autor. Ma√±ana 20 de marzo se hablar√° de‚Ä¶
34,RT @CESOL_UCI: Ya se encuentran disponibles los foros tem√°ticos del VIII Taller Internacional de Tecnolog√≠as de Software Libre y C√≥digo Abi‚Ä¶
35,RT @Osluz_unizar: La Uni√≥n Europea est√° valorando una reforma de la legislaci√≥n de los derechos de autor. Ma√±ana 20 de marzo se hablar√° de‚Ä¶
36,RT @Osluz_unizar: La Uni√≥n Europea est√° valorando una reforma de la legislaci√≥n de los derechos de autor. Ma√±ana 20 de marzo se hablar√° de‚Ä¶
37,RT @Osluz_unizar: La Uni√≥n Europea est√° valorando una reforma de la legislaci√≥n de los derechos de autor. Ma√±ana 20 de marzo se hablar√° de‚Ä¶
38,"La Uni√≥n Europea est√° valorando una reforma de la legislaci√≥n de los derechos de autor. Ma√±ana 20 de marzo se hablar√° de la importancia del software de c√≥digo abierto
https://t.co/nFw7zrKiCA"
39,RT @pablonegri: Lo prometido: https://t.co/XYYQFj4R5Q. El link de descarga incluye el documental en 1080p (HD) (formato *.mkv) y subt√≠tulos‚Ä¶
40,RT @CESOL_UCI: Ya se encuentran disponibles los foros tem√°ticos del VIII Taller Internacional de Tecnolog√≠as de Software Libre y C√≥digo Abi‚Ä¶
41,RT @pablonegri: Lo prometido: https://t.co/XYYQFj4R5Q. El link de descarga incluye el documental en 1080p (HD) (formato *.mkv) y subt√≠tulos‚Ä¶
42,RT @pablonegri: Lo prometido: https://t.co/XYYQFj4R5Q. El link de descarga incluye el documental en 1080p (HD) (formato *.mkv) y subt√≠tulos‚Ä¶
43,"Arduino es una plataforma de prototipos electr√≥nica de c√≥digo abierto (open-source) basada en hardware y software flexibles y f√°ciles de usar. Est√° pensado para artistas, dise√±adores, como hobby y para cualquiera interesado en crear objetos. 
#Mentesindecisas https://t.co/9sXoV0mv9f"
44,"¬øQU√â ES ARDUINO? 
es una plataforma de prototipos electr√≥nica de c√≥digo abierto  basada en hardware y software flexibles y f√°ciles de usar. Est√° pensado para artistas, dise√±adores, como hobby y para cualquiera interesado en crear objetos o entornos interactivos.
#mentesindecisas"
45,"Si eres un amante de la tecnolog√≠a y aun no sabes lo que es un ARDUINO este podr√≠a interesarte.
ARDUINO es una plataforma de prototipos electr√≥nica de c√≥digo abierto basada¬†en hardware y software flexibles y f√°ciles de usar.#mentesindecisas https://t.co/9eZltXisr7"
46,RT @Jorgedreyes: Que es m√°s peligroso para el ciudadano: ¬øuna #Blockchain salvaje y desregulada o una Blockchain regulada que refleje una f‚Ä¶
47,Ya se encuentran disponibles los foros tem√°ticos del VIII Taller Internacional de Tecnolog√≠as de Software Libre y C√≥digo Abierto. El link es el siguiente:  https://t.co/gZJQJchV95 esperamos sus comentarios. @InformaticaHab @universidad_uci @yoandypv https://t.co/c221SKOdDy
48,RT @Jorgedreyes: Que es m√°s peligroso para el ciudadano: ¬øuna #Blockchain salvaje y desregulada o una Blockchain regulada que refleje una f‚Ä¶
49,RT @Jorgedreyes: Que es m√°s peligroso para el ciudadano: ¬øuna #Blockchain salvaje y desregulada o una Blockchain regulada que refleje una f‚Ä¶
50,"Que es m√°s peligroso para el ciudadano: ¬øuna #Blockchain salvaje y desregulada o una Blockchain regulada que refleje una falsa seguridad sobre un software de c√≥digo abierto que no tiene a nadie detr√°s?

Necesitamos mucha informaci√≥n y divulgaci√≥n antes de regular.

#clbfest2018 https://t.co/PvgUjNi7Lk"
51,"RT @ZGZActiva: #softwarecivico  ¬°Se buscan #Colaboradores! üîç

C√≥digo abierto, licencias libres y herramientas digitales. TODO al servicio d‚Ä¶"
52,"RT @capacesnews: #accesible #tecnolog√≠a El software que le permite ""hablar"" a Stephen Hawking ahora es gratis y de c√≥digo abierto. http://t‚Ä¶"
53,"RT @ZGZActiva: #softwarecivico  ¬°Se buscan #Colaboradores! üîç

C√≥digo abierto, licencias libres y herramientas digitales. TODO al servicio d‚Ä¶"
54,"RT @alexrodney3: en primer lugar, Hadoop es software de c√≥digo abierto, por lo que la concesi√≥n de licencias y el soporte de la comunidad e‚Ä¶"
55,"en primer lugar, Hadoop es software de c√≥digo abierto, por lo que la concesi√≥n de licencias y el soporte de la comunidad es gratuito."
56,RT @MTPsqa: Las organizaciones deber√≠an ser conscientes de que codificar software seguro no vale de nada cuando se siguen empleando compone‚Ä¶
57,"RT @ZGZActiva: #softwarecivico  ¬°Se buscan #Colaboradores! üîç

C√≥digo abierto, licencias libres y herramientas digitales. TODO al servicio d‚Ä¶"
58,"RT @ZGZActiva: #softwarecivico  ¬°Se buscan #Colaboradores! üîç

C√≥digo abierto, licencias libres y herramientas digitales. TODO al servicio d‚Ä¶"
59,"#softwarecivico  ¬°Se buscan #Colaboradores! üîç

C√≥digo abierto, licencias libres y herramientas digitales. TODO al servicio del bien p√∫blico y el fortalecimiento comunitario. üíª üôÇ

üìÜ Hasta el 23 de marzo.
üëâ https://t.co/bLkxeYKGMU
üë§ #ThinkZAC  @ZGZActiva  y @OFICINAPich https://t.co/zHF5ayYZW4"
60,RT @matias_baruch: @SomosASEPY @MartinezToppi @creemospy Actualmente se gastan millones de d√≥lares al a√±o en licencias de software propieta‚Ä¶
61,"@EVotingChile @pabloviollier @fdelcampov @claudio_Ztone Respecto al software q se utiliza para fines electorales,son de c√≥digo abierto?"
62,"@SomosASEPY @MartinezToppi @creemospy Actualmente se gastan millones de d√≥lares al a√±o en licencias de software propietario, el cual puede ser reemplazado -en muchos casos- por alternativas libres y/o de c√≥digo abierto, creo que esa deber√≠a ser la prioridad."
63,Las organizaciones deber√≠an ser conscientes de que codificar software seguro no vale de nada cuando se siguen empleando componentes de c√≥digo abierto con vulnerabilidades. https://t.co/GrfFMbPXPs #seguridad https://t.co/dzoMaOVdYY
64,"@monsferus @Jesamate La OSI es m√°s ‚Äúpermisiva‚Äù que la FSF con las licencias, con lo que nos encontramos que un software bajo una licencia considerada de c√≥digo abierto puede ser software libre, pero tambi√©n puede ser un programa semilibre o incluso uno completamente no libre.#CAFI_SLibre"
65,"@Jesamate #CAFI_SLibre Alg√∫n error hay en ese art√≠culo.Dice:""mientras que el software libre o de c√≥digo abierto te permite usarlo pero tambi√©n reescribirlo y ver su interior, su c√≥digo fuente.""Habr√≠a que matizar q no todo #OpenSource es libre"
66,Etherum la plataforma de c√≥digo abierto que permite a los desarrolladores de software crear programas descentralizados. #Brickcoin #Ethereum #Software https://t.co/XaMrLQuJRh
67,"@KiKeNiCo Bueno si, demuestra que uso un software de c√≥digo abierto. ü§≠"
68,"El software es un t√©rmino gen√©rico para la costumbre o c√≥digo de comercio, utilidades del sistema operativo, software de c√≥digo abierto, u otras herramientas utilizadas para llevar a cabo la conducta modelada en ATTCK. Algunos ejemplos de  ... #MoneroPenaDeMonedas"
69,RT @GirlsCanHack: Como de seguro es el #software de codigo abierto #OpenSource https://t.co/r7RFFuWohC #ciberseguridad #cybersecurity
70,"#UnD√≠aComoHoy | En 1994 se lanza la versi√≥n 1.0.0 del N√∫cleo Linux, convirti√©ndose en uno de los ejemplos m√°s prominentes de software de c√≥digo abierto. https://t.co/SxUl2ydgm2"
71,"RT @CESOL_UCI: En el marco de #Informatica2018, el VIII Taller Internacional de Tecnolog√≠as de Software Libre y C√≥digo Abierto los invita a‚Ä¶"
72,"RT @kunan_sa: ""El #c√≥digoabierto tambi√©n ayuda a las #empresas a seguir el ritmo de la  inteligencia artificial (#AI) a medida que evolucio‚Ä¶"
73,C√≥mo conseguir soporte t√©cnico para el software libre y de c√≥digo abierto https://t.co/KIbU7JaiGM
74,"RT @iconsolutions14: A medida que los usuarios se preocupan m√°s por su privacidad, los programadores buscan entornos abiertos y la investig‚Ä¶"
75,"A medida que los usuarios se preocupan m√°s por su privacidad, los programadores buscan entornos abiertos y la investigaci√≥n y los negocios necesitan de un sistema global y manejable, el software de c√≥digo abierto ganar√° fuerza como alternativa. https://t.co/vRTMsUHDfm"
76,"RT @3fradio: #Aire #GustavoSibilla de @funsadosky, encargado del desarrollo del software argentino GENis. La herramienta inform√°tica de c√≥d‚Ä¶"
77,"#Aire #GustavoSibilla de @funsadosky, encargado del desarrollo del software argentino GENis. La herramienta inform√°tica de c√≥digo abierto que permite contrastar perfiles gen√©ticos provenientes de muestras biol√≥gicas obtenidas en escenas de crimen. #Atardecidos"
78,"Esta semana en su conferencia anual de usuarios NXTWORK en San Francisco, Juniper Networks ha anunciado su intenci√≥n de mover el c√≥digo base para opencontrail, su software de c√≥digo abierto definido proyecto de red, a la Linux Fo ... #VenturePel√≠culaEtereum"
79,"C√≥mo conseguir soporte t√©cnico para el software libre y de c√≥digo abierto

En los sistemas con software de c√≥digo abierto y libre tenemos bastantes recursos para obtener ayuda, desde los diferentes comandos para conseguir informaci√≥n como man, hasta docu‚Ä¶ https://t.co/jIOykULvJn https://t.co/Yf6UrK72O9"
80,En Octubre de 2017 presentamos la iniciativa para que se expida la Ley de Software Libre y C√≥digo Abierto del Estado de Chihuahua. Este proyecto de Ley permitir√≠a que Chihuahua se erija como defensor de las libertades dentro de las nuevas tecnolog√≠as de la informaci√≥n.
81,¬°La #NASA sigue desarrollando su #software para que sea de #c√≥digoabierto y que la gente se informe sobre las #misiones de la #AgenciaEspacial! üöÄ @unocero https://t.co/N5JX2Ogw3B
82,RT @GirlsCanHack: Como de seguro es el #software de codigo abierto #OpenSource https://t.co/r7RFFuWohC #ciberseguridad #cybersecurity
83,RT @GirlsCanHack: Como de seguro es el #software de codigo abierto #OpenSource https://t.co/r7RFFuWohC #ciberseguridad #cybersecurity
84,Como de seguro es el #software de codigo abierto #OpenSource https://t.co/r7RFFuWohC #ciberseguridad #cybersecurity
85,"RT @Arcanus_tco: Elon Musk, Tesla Motors, SpaceX y sus coqueteos con el software de c√≥digo abierto https://t.co/z8bH4ZhzFB #linuxy open sou‚Ä¶"
